department,salary
Design,121560.28571428571
Finance,82500.0
HR,77811.22222222222
IT,88188.5
Management,94165.83333333333
Marketing,85000.0
Operations,67500.0
Unassigned,67500.0
